		386BSD Userdirectory Listing

	This userdirectory file has been installed at official distribution 
sites to allow 386BSD users to contact and become acquainted with other 
386BSD users.  The people who appear on this list are interested in hearing
from other 386BSD users and exchanging 386BSD information only, and have
specifically requested that they be included in this list for this purpose.
This list should not be used for commercial purposes.

	The firm or university affiliation is noted where applicable, so
that others in the same university or firm, or in related areas may discuss
386BSD with similar affiliations. The city/state/country listing allows
386BSD users to locate other 386BSD users within a general geographic
area, again for the purposes of discussing 386BSD. Email (or where requested,
phone number) addresses are the principal means of contact, and should be
utilized in all introductory communications, along with a reference of
where you got the contact name (i.e. "I saw your name in the 386BSD 
Userdirectory and ...").

	This listing is not a solicitation for services, nor should it be 
considered as such. For those interested in locating support or other 
services, please reference the services.support file instead.

	This listing is not a substitute for paid support services, and
the people listed in this directory are not support personnel. Users which
require extensive support services should either contact people in the
services.support file or consider purchasing a commercial product instead
of using 386BSD.

	If you wish your name, company or university, city/state/country,
and email address to be placed in this public directory, please check the 
box on the REGISTRATION form and send it in via email, fax, or regular mail.
If you wish to change or delete your listing, contact ljolitz@cardio.ucsf.edu
or CIS 76703,4266.

---------------------------------------------------------------------------

The following names appear in no particular order.


NAME:	Eric Hanchrow
FIRM:	Microsoft Corporation
CITY/STATE/COUNTRY: Redmond, WA  USA
EMAIL:	erich@microsoft.com

NAME:	Scott L. Burris
FIRM:   UCLA Campus Network Services - Office of Academic Computing
CITY/STATE/COUNTRY: Los Angeles, CA. USA
EMAIL:  scott@pita.cns.ucla.edu

NAME: John Soward
FIRM: University of Kentucky
CITY/STATE/COUNTRY: Lexington, Ky. USA
EMAIL: soward@slow.inslab.uky.edu  soward@ms.uky.edu

NAME:	Michael C. K. Shiu
FIRM: 	University of Science and Technology, Hong Kong.
CITY/STATE/COUNTRY: Sai Kung, Hong Kong.
EMAIL:	ccmshiu@usthk.ust.hk  ccmshiu@usthk.bitnet

NAME:	Roe A. Peterson
FIRM:	PetCom Industries Ltd.
CITY/STATE/COUNTRY: Regina, SK  CANADA
EMAIL:	roe@unibase.sk.ca

NAME: Jyke Tapani Jokinen
FIRM:  Tampere University of Technology
CITY/STATE/COUNTRY: Tampere FINLAND
EMAIL: jyke@cc.tut.fi   jyke@ee.tut.fi   jj85471@cs.tut.fi

NAME:	Ari Suutari
FIRM:	Carelcomp Oy
CITY/STATE/COUNTRY: Lappeenranta Finland
EMAIL:	ari@hilti.lpr.carel.fi

NAME: Rick Odeen
FIRM: University of Minnesota
CITY/STATE/COUNTRY: Minnesota USA
EMAIL: rodeen@buddha.ncc.umn.edu

NAME: James Risner
FIRM: University of Kentucky
CITY/STATE/COUNTRY: Lexington, Ky  USA
EMAIL:	risner@ms.uky.edu

NAME:	Thipor Kong
FIRM:	Technical University Berlin
CITY/STATE/COUNTRY: Berlin Germany
EMAIL:	supergau@cs.tu-berlin.de

NAME:     George P Swanton
CITY/STATE/COUNTRY: Portland, Me USA
EMAIL:    swanton@osprey.usmcs.maine.edu

NAME:	Phil Sutherland
CITY/STATE/COUNTRY: Subiaco  WA  Australia
EMAIL:	philsuth@DIALix.oz.au

NAME:	Andy Duplain
FIRM:	BT
CITY/STATE/COUNTRY: East Sussex UK
EMAIL:	duplain@btcs.bt.co.uk (soon duplain@btcs.bt.com)

NAME:	Hellmuth Michaelis
FIRM:	HCS Hanseatischer Computerservice GmbH
CITY/STATE/COUNTRY: HAMBURG Germany
EMAIL:	hm@hcshh.hc.de

NAME: 	Mark Bloom
FIRM:	The Electronic Engineering Laboratories - The University of Kent
CITY/STATE/COUNTRY: Canterbury, Kent ENGLAND
EMAIL:	mb7@ukc.ac.uk

NAME:     So/ren Schmidt
FIRM:     DeepCore Technologies
CITY/STATE/COUNTRY: Aalborg SO Denmark
EMAIL:    sos@kmd-ac.dk
	
NAME: Thomas Hoberg
CITY/STATE/COUNTRY: Berlin Germany
EMAIL: tmh@tub.bitnet  tmh@cs.tu-berlin.de  tmh@first.gmd.de
	
NAME:	Dr. Stephan Heuer
FIRM:	Westfaelische Wilhelms-Universitaet Muenster - Mathematics
CITY/STATE/COUNTRY: Muenster Germany
EMAIL: 	stephan@math.uni-muenster.de

NAME:	Mario A. Guerra-Araya
FIRM:	Universidad de Costa Rica
CITY/STATE/COUNTRY: San Pedro de Montes de Oca  Costa Rica
EMAIL:	mguerra@ucrvm2.bitnet (from October: mguerra@inforisc.ucr.cr)

NAME: Michael Moscovitch
CITY/STATE/COUNTRY: Montreal, CANADA
EMAIL: michaelm@pike.ee.mcgill.ca

NAME: Noppanon  Lekhachinnabut
EMAIL: lekhnop@karl.iit.edu

NAME:  Jason A. Cox
FIRM:  CEC/Comtron Systems
CITY/STATE/COUNTRY: USA
EMAIL:coxj@tusun2.mcs.utulsa.edu (University of Tulsa)

NAME:	David Greenman
FIRM:	Delta Systems
CITY/STATE/COUNTRY: Gresham, OR. USA
EMAIL:	davidg@agora.rain.com

NAME:	Luke Mewburn
FIRM:	Royal Melbourne Institute of Technology
CITY/STATE/COUNTRY: Melbourne, Victoria, Australia
EMAIL:	s902113@minyos.xx.rmit.oz.au

NAME:      Kuo-Yen Hwang
CITY/STATE/COUNTRY: Salt Lake City, Utah U.S.A
EMAIL: hwang@tucker.mech.utah.edu

NAME: Bill Sommerfeld
CITY/STATE/COUNTRY: Medford, MA USA
EMAIL: sommerfeld@apollo.hp.com  sommerfeld@mit.edu

NAME:	Bob Willcox
FIRM:	IBM
CITY/STATE/COUNTRY: Austin, TX USA
EMAIL:	bob@obiwan.uucp

NAME:    Bill Glessner
FIRM:    Central Washington University - Dept of Information Resources
CITY/STATE/COUNTRY: USA
EMAIL:   beegee@cwu.bitnet

NAME:  Jay Pfaffman
FIRM:  Dwight-Englewood School
CITY/STATE/COUNTRY: USA
EMAIL: pfaffman@pilot.njin.net

NAME: Christopher Flatters
FIRM: NRAO
CITY/STATE/COUNTRY: Socorro, NM USA
EMAIL: cflatter@nrao.edu

NAME: Brian D. Carlstrom
FIRM: M.I.T. Flight Transport Lab
CITY/STATE/COUNTRY: Cambridge, MA  USA
EMAIL: bri@Athena.MIT.edu

NAME:	Scott G. Akmentins-Taylor
FIRM:	MRY Systems
CITY/STATE/COUNTRY: Westlake Village, CA  USA
EMAIL:	staylor@snidely.pmdr.wlv.ca.us  staylor@cerfnet.com

NAME:	  Thad Phetteplace
FIRM:	  Allen-Bradley Co.
CITY/STATE/COUNTRY: Milwaukee WI  USA
EMAIL:	  tdphette@mke.ab.com

NAME: Hideki Yoshida 
FIRM: Information Systems Lab. - Toshiba R&D Center
CITY/STATE/COUNTRY: Kawasaki Japan
EMAIL: hideki@isl.rdc.toshiba.co.jp

NAME:	Lee Burch
FIRM:	ChrissySoft
CITY/STATE/COUNTRY: Sugar Grove, IL  USA
EMAIL:  st2898@siuvcmb.siu.edu  rhps!burch@infopls.chi.il.us 

NAME:	F. Alan Jones
FIRM:	DEC
CITY/STATE/COUNTRY: Renton, WA USA
EMAIL:	jones@zso.dec.com	

NAME:   Wolfgang Stanglmeier
CITY/STATE/COUNTRY: Koeln Germany
EMAIL:  wolf@dentaro.GUN.de

NAME:    Sascha Wildner
CITY/STATE/COUNTRY: Huerth  Germany
EMAIL:   swildner@channelz.GUN.de

NAME:	Ken Filipps
CITY/STATE/COUNTRY: Ottawa ONTARIO  CANADA
EMAIL:	73770.1562@compuserve.com

NAME: Pierre Wendling
FIRM: INSA (enginering school), 
CITY/STATE/COUNTRY: Lyon, France
EMAIL: Pierre.Wendling@univ-lyon1.fr  wendling@uniriv.vbo.dec.com (this summer)

NAME:	Leonard Sitongia
CITY/STATE/COUNTRY: Boulder CO  USA
EMAIL:	sitongia@hao.ucar.edu

NAME: Marc Papen
FIRM: University Erlangen
CITY/STATE/COUNTRY: Erlangen  Germany
EMAIL: mcpapen@cip.informatik.uni-erlangen.de

NAME:    Marcelo San-Martin R.
CITY/STATE/COUNTRY: Santiago de Chile.
EMAIL:   msm@dcc.uchile.cl

NAME: Sverker Edvardsson
FIRM:  Uppsala University - Department of Inorganic Chemistry
CITY/STATE/COUNTRY: Uppsala Sweden
EMAIL: sverkere@alice.fysik.uu.se

NAME:    Dr. Raab Fritz
FIRM:    Multinet Services GmbH
CITY/STATE/COUNTRY: Grasbrunn Germany
EMAIL:   fritz@multinet.DE

NAME: Dr. Thomas Meidinger
CITY/STATE/COUNTRY: Muenchen Germany
EMAIL: pingo@gsf.de  pingo@muenchen.guug.de

NAME: Michael McDonnell
FIRM: U.S. Army Topographic Engineering Center
CITY/STATE/COUNTRY: Ft. Belvoir, VA USA
EMAIL: mike@tec.army.mil

NAME: Tan Koan-Sin
FIRM: Computer Science & Information Engineering - National Chiao-Tung Univ. 
CITY/STATE/COUNTRY: Hsin-Chu, Taiwan
EMAIL: cp78085@csie.nctu.edu.tw

NAME: Chang Tzu-Chin
FIRM: National Center Univ. Dept EE&CS 
CITY/STATE/COUNTRY: Chun-Li Taiwan
EMAIL: CS8019@NCUEE.NCU.EDU.TW

NAME:	S.G. Yskes
FIRM:	Relatech software research
CITY/STATE/COUNTRY: Leiden  The Netherlands
EMAIL:	gvdsterre@rulcri.leidenUniv.nl

NAME:   Martin Renters
FIRM:   Innovus Inc.
CITY/STATE/COUNTRY: Hamilton, Ontario CANADA     
EMAIL:  martin@innovus.com

NAME: Richard A. Hillman
FIRM: State of Florida, Department of Health and Rehabilitative Services
CITY/STATE/COUNTRY: Tallahassee, FL  USA
EMAIL: rhillman@loligo.cc.fsu.edu

NAME: Brian de Alwis
FIRM: University of Waterloo
CITY/STATE/COUNTRY: Brantford, Ontario Canada
EMAIL: dealwisb@napier.{uwaterloo.ca,waterloo.edu}

NAME:	Christoph Robitschko
FIRM:	Technical University of Graz
CITY/STATE/COUNTRY: Graz AUSTRIA
EMAIL:	chmr@edvz.tu-graz.ac.at

NAME:	Dwight E. Cass
FIRM:	Northrop Corporation
CITY/STATE/COUNTRY: Palos Verdes Peninsula, CA  USA
EMAIL:	dec@nrtc.northrop.com

NAME: 	Robert Dal Santo
FIRM: 	Department of Psychology - University of Queensland
CITY/STATE/COUNTRY: Queensland, AUSTRALIA
EMAIL: 	robert@psych.psy.uq.oz.au

NAME:	John Adams
CITY/STATE/COUNTRY: Arlington, MA  USA
EMAIL:	johna@a-k.boston.ma.us

NAME: Dr. Timothy MURPHY
FIRM: University of Dublin - School of Mathematics
CITY/STATE/COUNTRY: Dublin Ireland
EMAIL: tim@maths.tcd.ie

NAME:	Todd R. Martin
FIRM:	Naval Warfare Assessment Center
CITY/STATE/COUNTRY: Corona, Ca. USA
EMAIL:	c3435trm@mercury.nwac.sea06.navy.mil

NAME:	Brian Downing
CITY/STATE/COUNTRY: New York, USA
EMAIL:	bdowning@mary.fordham.edu

NAME: Patrick Guelat
FIRM: Improware AG
CITY/STATE/COUNTRY: Fuellinsdorf Switzerland
EMAIL: patg@imp.ch

NAME: 	Jack T. Goral
FIRM:   Argonne National Lab
CITY/STATE/COUNTRY: Argonne, IL USA
EMAIL:	goral@oxygen.aps1.anl.gov

NAME:      Alexander-James Annala
FIRM:      University of Southern California
CITY/STATE/COUNTRY: Los Angeles, CA USA
EMAIL:     merlin@neuro.usc.edu

NAME:	Karl Lovink
CITY/STATE/COUNTRY: Deventer, The Netherlands
EMAIL:	karl@nofssrv.syssup.tds.philips.nl

NAME:	Kwan-Seng Low
CITY/STATE/COUNTRY: Milpitas, California USA
EMAIL:	kwan@netcom.com

NAME:      Jack Griffin
FIRM:      Cypress Semiconductor
CITY/STATE/COUNTRY:  Santa Clara, CA. USA
EMAIL:     bwg@cypress.com

NAME:      Nirmal Saxena
CITY/STATE/COUNTRY:  San Jose, CA. USA
EMAIL:     saxena@hal.com  saxena@shasta.stanford.edu

NAME:      Robert B. Fickling III
CITY/STATE/COUNTRY:  Walnut Creek, CA. USA
EMAIL:     bigbob@netcom.com  bigbob@seeker.mustic.com

NAME:      Martin L. Faltesek
FIRM:      Compucheck
CITY/STATE/COUNTRY:  Austin, TX  USA
EMAIL:     marty@ccwf.cc.utexas.edu

NAME:      Adam J. Richter
FIRM:      Yggdrasil Computing Infrastructure Corporation
CITY/STATE/COUNTRY:  Berkeley, CA. USA
EMAIL:     richter@cerf.net

NAME:      Minoru Yoshida
CITY/STATE/COUNTRY:  Yokohama Japan
EMAIL:     yoshida@eed.kawasaki-steel.co.jp

NAME: 	Keith E. Walker
FIRM: 	Federal Aviation Administration
CITY/STATE/COUNTRY: Spokane, Washington USA
EMAIL: 	kew@timesink.spk.wa.us

NAME: 	Brett Watson
FIRM:  	Kansas State University, Farrell Library
CITY/STATE/COUNTRY:  Manhattan, KS  USA
EMAIL:  brettw@matt.ksu.ksu.edu  brettw@cygnus.cis.ksu.edu

NAME: 	Jymmi C. Tseng and Ice Baby
FIRM: 	Department of Information Management - National Central University
CITY/STATE/COUNTRY: Chungli, TAIWAN
EMAIL: u431573@im.mgt.ncu.edu.tw  wolfy@im.mgt.ncu.edu.tw

NAME:   Joshua Lackey
FIRM:   University Of Arizona
CITY/STATE/COUNTRY: Tucson, AZ USA
EMAIL:  jlackey@pimacc.pima.edu

NAME:   Julian Stacey
FIRM:   Vector Systems Limited
CITY/STATE/COUNTRY: Munich Germany
EMAIL:  stacey@guug.de

NAME: Manuel J. Galan Moreno
FIRM: Escuela de Ingenieria Superior (Universidad de Las Palmas de Gran Canaria)
CITY/STATE/COUNTRY: Spain
EMAIL: manolo@fobos.ulpgc.es

NAME:     Olaf Teiser
FIRM:     ibt computer gmbh
CITY/STATE/COUNTRY: Oschwitz, GERMANY
EMAIL:    olaf@mb3.tu-chemnitz.de

NAME: 	Detlef Drewanz
FIRM:	University of Rostock Department of ComputerScience
CITY/STATE/COUNTRY: Rostock, GERMANY
EMAIL: 	ddr@informatik.uni-rostock.de

NAME:   Al Rosenthal, MD
FIRM:   University of Louisville, Department of Plastic Surgery
CITY/STATE/COUNTRY: Louisville, Kentucky USA
EMAIL:  airose01@vlsi.ct.louisville.edu

NAME:	J. Baier
CITY/STATE/COUNTRY: Villars-s-Glane Switzerland
EMAIL:  baier@cfruni51.bitnet

NAME:	W.P. Gatewood, Sr.
FIRM 	Naval Air Warfare Center - Aircraft Division
CITY/STATE/COUNTRY Patuxent River, Maryland, USA
EMAIL:	pat@helga.setd-ctl.nawcad.navy.mil

NAME:	Alan Lundin
CITY/STATE/COUNTRY: Albuquerque, NM USA
EMAIL: 	aflundi@sandia.gov

NAME: 	Koji Tasyo
CITY/STATE/COUNTRY: Sagamihara-shi Kanagawa-ken, Japan 
FAX:	+81-427-51-2148

NAME:	Jeffrey S. Laing
CITY/STATE/COUNTRY: Torrence, California  USA
FAX: 	1-310-328-6280

NAME:    Cezar Cichocki
FIRM:    Warsaw University
CITY/STATE/COUNTRY: Warsaw, Poland
EMAIL:   cezar@psych2.psych.uw.edu.pl  Supervisor@psych2.psych.uw.edu.pl

NAME: 	Norbert Bladt
FIRM: 	ASCOM Autelca AG
CITY/STATE/COUNTRY: Guemligen, Switzerland
EMAIL: 	nbladt@autelca.ascom.ch

NAME:    (Mr) Mike Lawrie
FIRM:    Rhodes University
CITY/STATE/COUNTRY: Grahamstown South Africa
EMAIL:   ccml@hippo.ru.ac.za

NAME: 	L. Birk
CITY/STATE/COUNTRY: Sumneytown, PA. USA
EMAIL:	birk_lj@rso.dnet.ge.com
 
NAME: 	Jesus M. Gonzalez-Barahona
FIRM: 	Universidad Carlos III de Madrid
CITY/STATE/COUNTRY: Madrid, Spain
EMAIL: 	jgb@p500ad.es
 
NAME:	Thongchai Rojkangsadan
FIRM: 	Department of Computer Engineering , Chulalongkorn University
CITY/STATE/COUNTRY: Bangkok, Thailand
EMAIL:	thong@chulkn.chula.ac.th

NAME: 	John Jackson
FIRM: 	Massachusetts Corporation for Educational Telecommunications
CITY/STATE/COUNTRY: Massachusetts, USA
EMAIL: 	jackson@a1.mec.mass.edu

NAME:	Rick Weldon
FIRM:	I-NET Inc. 
CITY/STATE/COUNTRY: Arlington, VA USA
EMAIL:	rick@hq.af.mil

NAME: 	Dr. Philip Li
FIRM: 	National Institute for Biological Standards and Control
CITY/STATE/COUNTRY: Hertfordshire, United Kingdom
EMAIL: 	li@comp.nibsc.ac.uk

NAME: 	Jamie S Guinan
FIRM: 	Suffolk University
CITY/STATE/COUNTRY: Boston, MA USA
EMAIL: 	guinan@cmpsci.suffolk.edu   guinan@cube.clas.suffolk.edu

NAME:    Dr. Dirk J. Gajewski
FIRM:    Institute of Geophysics
CITY/STATE/COUNTRY: Clausthal-Zellerfeld, Germany
EMAIL:   pgdga@ibm.rz.tu-clausthal.de


NAME: 	Hsieh Shing Leung Arthur
FIRM: 	Hong Kong Polytechnic
CITY/STATE/COUNTRY: Hong Kong
EMAIL: 	cs122144@hkpcc.hkp.hk

NAME: 	D. Paul Richards
FIRM: 	University of Wales, College Cardiff, UK.
CITY/STATE/COUNTRY: Cardiff  UK.
EMAIL: 	spedpr@thor.cf.ac.uk

NAME: 	Leon Kos
FIRM: 	University of Ljubljana, Faculty of Mech Engr
CITY/STATE/COUNTRY: Ljubljana, Slovenia
EMAIL: 	lecad@uni-lj.ac.mail.yu

NAME: 	Cornelis van der Laan
FIRM: 	Institut fuer maschinelle Sprachverarbeitung, Universitaet Stuttgart
CITY/STATE/COUNTRY: Stuttgart Gernamy
EMAIL: 	nils@ims.uni-stuttgart.de

NAME:	Tim Chevalier
FIRM:	Stanford Synchrotron Radiation Laboratory c/o SLAC
CITY/STATE/COUNTRY: Stanford, CA. USA
EMAIL:	tsc@icarus.slac.stanford.edu

NAME:    CLARENCE CHU
FIRM:    HANSA TRADING LTD.
CITY/STATE/COUNTRY: KOWLOON HONG KONG.

NAME: 	Christian Kuhtz
CITY/STATE/COUNTRY: Norderstedt Germany
EMAIL: 	chk@mcshh.Hanse.DE

NAME:	Ralf Edmund Stranzenbach
CITY/STATE/COUNTRY: Witten  Germany
EMAIL:	ralf@reswi.en.open.de

NAME: 	Guido V van Rooij
CITY/STATE/COUNTRY: Bisschopsmolen, The Netherlands
EMAIL: 	guido@gvr.win.tue.nl

NAME: 	Andreas Jennen
FIRM: 	UUCP EDV-Beratung
CITY/STATE/COUNTRY: Berlin Germany
EMAIL: 	jennen@aball.in-berlin.de

NAME: 	Seiji Kaneko
FIRM: 	Hitachi Ltd.
CITY/STATE/COUNTRY: Yokohama-shi Japan
EMAIL: 	kaneko@sdl.hitachi.co.jp

NAME: 	L. Fred Towers II
CITY/STATE/COUNTRY: Richmond, VA. USA
EMAIL: 	gzw2045@dgsc.dla.mil

NAME:   Lennart Augustsson
FIRM:   Chalmers University of Technology
CITY/STATE/COUNTRY:  Sweden
EMAIL:  augustss@cs.chalmers.se

NAME: 	Luis A. Aguirre
FIRM: 	3M
CITY/STATE/COUNTRY:  Cedar Park, TX. USA
EMAIL: 	laaguirre@mmm.com

NAME:   Rodney W. Grimes
FIRM:   Accurate Automation Company
CITY/STATE/COUNTRY:  Portland, OR USA
EMAIL:  rgrimes@agora.rain.com

NAME:  	Shun-Jee Liu
FIRM: 	National Chiao-Tung University
CITY/STATE/COUNTRY:  Taiwan, R.O.C.
EMAIL:  liu@cmibm4.nctu.edu.tw u8011841@cc.nctu.edu.tw
  
NAME: 	Christof Adams 
CITY/STATE/COUNTRY:  Konfeld, Germany
EMAIL: 	chad@rz.uni-sb.de

NAME:   Alec D. Isaacson
CITY/STATE/COUNTRY:  Oxford, OH. USA
EMAIL:  ai4cphyw@miamiu.acs.muohio.edu isaacson@rogue.acs.muohio.edu 

NAME:   Sandi Donno
FIRM:   University of Cape Town
CITY/STATE/COUNTRY:  Rondebosch, South Africa
EMAIL:  sandi@cs.uct.ac.za

NAME:   Dr. Lionel Sacks
FIRM:   Physics Department - Liverpool University
CITY/STATE/COUNTRY:  Geneva, Switzerland
EMAIL:  lse@dxcern.cern.ch lse@cernvm.cern.ch

NAME: 	Angelo Ruggiero 
CITY/STATE/COUNTRY:  Waldshut, Germany
EMAIL: 	zhrge@zh014.ubs.ubs.arcom.ch

NAME:   V. Kanchan
FIRM:   Floreat
CITY/STATE/COUNTRY:  Napa, CA. USA
EMAIL:  483-9860@mcimail.com

NAME:     Erick Krueger
FIRM:     University of Michigan
CITY/STATE/COUNTRY:  Canton, MI USA
EMAIL:    krueger@umich.edu
 
NAME: 	Mauro Franzoni
CITY/STATE/COUNTRY:  Italy
EMAIL: 	franzoni@sixter.var.dec.com

NAME: 	Tuomas J. Lukka
FIRM: 	Helsinki University of Technology
CITY/STATE/COUNTRY:  Helsinki, Finland
EMAIL: 	tlukka@vipunen.hut.fi

NAME: 	Brian C. Wright
FIRM: 	East Texas State University
CITY/STATE/COUNTRY:  Commerce, TX USA
EMAIL: 	wright@merlin.etsu.edu wright%firestorm@merlin.etsu.edu

NAME: 	James Nelson
FIRM: 	Indiana University Medical Center
CITY/STATE/COUNTRY:  Indianapolis, IN USA
EMAIL: jnelson@indycms.iupui.edu jnelson@indyvax.iupui.edu jnelson@indymed.iupui.edu jtn3@bsu-cs.bsu.edu

NAME:     Morten Bonde
FIRM:     Dansk Data Elektronik (DDE)
CITY/STATE/COUNTRY:  Herlev, Denmark
EMAIL:    mbo@dde.dk  (or  ...!uunet!mcsun!sunic!dkuug!dde!mbo)

NAME: 	Brian H. Dunford-Shore
FIRM: 	Washington University, 
CITY/STATE/COUNTRY:  St. Louis, Missouri USA
EMAIL: 	brian@morpheus.wustl.edu

NAME: 	Ismail Al-Tabtabai.
CITY/STATE/COUNTRY: Lexington, KY USA
EMAIL:	ismail@mik.uky.edu.

NAME: 	Francis J. Hitchens
FIRM: 	Digital Equipment GmbH.
CITY/STATE/COUNTRY: Unterfoehring, Germany
EMAIL: 	hitchens@okfest.unt.dec.com

NAME: 	Alex Wetmore
FIRM: 	Carnegie Mellon University
CITY/STATE/COUNTRY: Pittsburgh, PA USA
EMAIL: 	aw2t@andrew.cmu.edu

NAME:      Dean Jagels
FIRM:      SecureWare, Inc.
CITY/STATE/COUNTRY: Lawrenceville, GA  USA
EMAIL:     dpj@sware.com

NAME:      Stuart Wilson
FIRM:      Production Engineering (NZ) Ltd.
CITY/STATE/COUNTRY: Marton, New Zealand
EMAIL:     stuartw@pec.co.nz

NAME: 	Christopher C. Tjon
CITY/STATE/COUNTRY: Fargo, ND USA
EMAIL: 	tjon@plains.nodak.edu

NAME: 	Shantanu Goel
FIRM: 	Paragon Resources
CITY/STATE/COUNTRY: Tuckahoe, NY USA
EMAIL:  uunet!jahil!root (or send as root%jahil@uunet.uu.net)

NAME:   Petri Wessman
FIRM:   Helsinki University of Technology
CITY/STATE/COUNTRY: Espoo, Finland
EMAIL:  Petri.Wessman@hut.fi

NAME: 	Frank Segner
FIRM: 	Inst. for Applied Nonsense (IFAN)
CITY/STATE/COUNTRY: Knoxville, TN USA
EMAIL: 	frank@martha.utk.edu

NAME:   Hans van Koeveringe
FIRM:   Philips BCS
CITY/STATE/COUNTRY: Hilversum, The Netherlands
EMAIL:  fw_koef@nlth01.decnet.philips.nl

NAME:   Mark A. Ganter
FIRM:   Univ. of Washington
CITY/STATE/COUNTRY: Washington, USA
EMAIL:  ganter@u.washington.edu

NAME:  	Dr. Vincent Willems
FIRM:  	University of Ghent - Belgium
CITY/STATE/COUNTRY: Gent, Belgium
EMAIL:  vwillems@toeg.rug.ac.be

NAME:   Phil Perucci
FIRM:   Naval Medical Information Management Center
CITY/STATE/COUNTRY: Bethesda, MD  USA
EMAIL:  dsc3pzp@nmrdc1.nmrdc.nnmc.navy.mil

NAME: 	Dave Zoss
FIRM:	University of California - Berkeley
CITY/STATE/COUNTRY: Berkeley, California USA
EMAIL:	zoss@cory.Berkeley.EDU

NAME: 	Yasuyuki Suzuki
FIRM: 	Hewlett-Packard
CITY/STATE/COUNTRY: Kobe-Shi, Hyogo JAPAN
EMAIL: 	yas@kobe.hp.com

NAME: 	Shin Umetsu
FIRM: 	Science University of Tokyo
CITY/STATE/COUNTRY: Yokohama JAPAN
FAX: 	+81-3-3545-8560

NAME: 	Bill Hiley
CITY/STATE/COUNTRY: Sydney, NSW Australia
EMAIL: 	100033.233@compuserve.com

NAME: 	Eric Peterson
FIRM: 	GTE Government Systems
CITY/STATE/COUNTRY: Needham, MA USA
EMAIL: 	eric@capella.tsc.gtefsd.com

NAME: 	Jorge Marcos de Almeida
FIRM: 	Centro de Computacao Eletronica da Universidade de Sao Paulo
CITY/STATE/COUNTRY: Sao Paulo, BRAZIL
EMAIL: 	jorge@cpu443.cce.usp.br

NAME: 	John E. Newell
FIRM:	Counseling and Research Associates
CITY/STATE/COUNTRY: Cerritos, California USA
EMAIL:	j.newell@genie.geis.com

NAME: 	Gary Halbedel
FIRM: 	Word Computer Support Inc.
CITY/STATE/COUNTRY: Albany, New York USA
EMAIL:	70561.247@compuserve.com

NAME: 	Steve Worcester
CITY/STATE/COUNTRY: Salt Lake City, Utah USA
EMAIL:	stevew@solitude.math.utah.edu

NAME:	Charly M. Martel
CITY/STATE/COUNTRY: Orsay, France
FAXPHONE: +33-1-69072946

NAME:   Jerry Schuryk
FIRM:   University of Waterloo
CITY/STATE/COUNTRY: Waterloo, Ontario, Canada
EMAIL:  jmschuryk@chemical.watstar.uwaterloo.ca

NAME:   Jon O'Donnell
FIRM:   Cleveland State University
CITY/STATE/COUNTRY: Edinboro, PA USA
EMAIL:  odonnell@edinboro.edu or jonco@cis.csuohio.edu

NAME:   Joris vdr Geer
FIRM:   FOM plasmaphysics institute
CITY/STATE/COUNTRY: Soest, Netherlands
EMAIL:  joris@rijnh.nl

NAME: 	Emilio de Barros Lucena
FIRM: 	Universidade Federal de Pernambuco
CITY/STATE/COUNTRY: Recife, PE, BRAZIL
EMAIL: 	emilio@npd.ufpe.br

NAME: 	David C. Todd
CITY/STATE/COUNTRY: Cincinnati, OH USA
EMAIL: 	hacksaw@headcheese.daa.uc.edu

NAME: 	Michael G. Blansfield
FIRM: 	Computer Data Systems, Inc. 
CITY/STATE/COUNTRY: Germantown, MD USA
EMAIL: 	blansfie@mailgw.er.doe.gov

NAME:   Jan Kasprzak
FIRM:   Masaryk University Brno
COUNTRY:Czechoslovakia
EMAIL:  kas@lion.ics.muni.cs, or kas@adelard.dcs.muni.cs

NAME:   Gary A. Allen, Jr.
FIRM:   Dept. of Mech. Engineering, University of Queensland
CITY/STATE/COUNTRY: St. Lucia, Queensland, Australia
EMAIL:  gary@sun.mech.uq.oz

NAME:	Jesus Monroy
CITY/STATE/COUNTRY: San Jose, CA. USA
EMAIL:  jm@zaphod.stanford.edu

NAME:   Guy Hutchison
CITY/STATE/COUNTRY: San Jose, CA. USA
EMAIL:  ghutchison@scuacc.scu.edu

NAME:   Dean M. Phillips
CITY/STATE/COUNTRY: Kirkland, WA USA
EMAIL:  dmp3592@icdfs.ca.boeing.com

NAME: 	Jan Sparud
FIRM: 	Chalmers University of Technology
CITY/STATE/COUNTRY: Gothenbutg, Sweden
EMAIL: 	sparud@cs.chalmers.se

NAME: 	Jonas Olsson
FIRM: 	Case Western Reserve U.
CITY/STATE/COUNTRY: Cleveland, OH USA
EMAIL: 	ljo@po.cwru.edu

NAME:   Laszlo Szakal
FIRM:   University of Miskolc - Dept. of Information Technology
CITY/STATE/COUNTRY: Miskolc, Hungary
EMAIL:  h1403sza@ella.hu (till the end of January : szakal_l@cecehv.dec.com)

NAME:	Carl Paukstis
FIRM:   ISC-Bunker Ramo Corp.
CITY/STATE/COUNTRY: Liberty Lake, WA  USA
EMAIL:  carlp@mail.isc-br.com

NAME:   Janos Horvath
FIRM:   Central Research Institute for Physics, CADserver Ltd.
CITY/STATE/COUNTRY: Budapest, Hungary
EMAIL:  horvathjanos@fserv.kfki.hu

NAME:   Peter Kutschera
FIRM:   University of Vienna
CITY/STATE/COUNTRY: Wien, Austria
EMAIL:  peter@merlin.par.univie.ac.at

NAME: 	Rade Zonjic
FIRM: 	Belgrade University
CITY/STATE/COUNTRY: Belgrade, Yugoslavia
EMAIL: 	zonjic@plains.nodak.edu, rade@ref.tfs.com

NAME: 	Sven Neuhaus
FIRM: 	University of Dortmund, Germany
CITY/STATE/COUNTRY: Dortmund, Germany
EMAIL: 	ckvb08@unidozr.HRZ.Uni-Dortmund.DE (changes jan93)

NAME: 	Gordon C. Zaft
CITY/STATE/COUNTRY: Tucson, AZ  USA
EMAIL: 	zaft@caritas.cotdazr.org

NAME: 	Robin Carey
FIRM: 	Edinburgh University
CITY/STATE/COUNTRY: Edinburgh, Scotland, UK.
EMAIL: 	rjcarey@edu.du.cs.nyx

NAME:   Frank Mayhar
CITY/STATE/COUNTRY: Austin, TX  USA
EMAIL:  fmayhar@mpd.tandem.com

NAME: 	Thomas V. Russo
CITY/STATE/COUNTRY: Los Alamos, NM USA
EMAIL: 	russo@nile.chem.columbia.edu

NAME:   Michael Dickson
FIRM:   CompuServe Incorporated
CITY/STATE/COUNTRY: Columbus, Ohio  USA
EMAIL:  m.dickson@@csi.compuserve.com

NAME: 	David Abercrombie
CITY/STATE/COUNTRY: Oakland, CA. USA
EMAIL:	abe@netcom.com

NAME: 	Greg Peterson
FIRM:	Notre Dame Women's College
CITY/STATE/COUNTRY: Kyoto Japan
EMAIL:	peterson@notredame.ac.jp

NAME: 	Robert Withrow
FIRM:	R.W. Withrow and Associates
CITY/STATE/COUNTRY: Swampscott, Massachusetts USA
EMAIL:	witr@rwwa.com

NAME:	Jochen Plessmann
FIRM: 	Geoexpert AG
CITY/STATE/COUNTRY: Sattel Switzerland
EMAIL:	jochen-plessmann@solaris.hamm.sub.org

NAME: 	Gavin S. Patton
FIRM: 	Promotional Information Management Inc.
CITY/STATE/COUNTRY: Chicago, Illinois  USA
EMAIL: 	ai072@yfn.ysu.edu  or  gavin_patton@cpsnet2.cps.edu (alternative only)

NAME:   Brian Nath
FIRM:   Grossmont-Cuyamaca Community College District
COUNTRY: USA
EMAIL:  73240.252@cserve.com

NAME: 	Allen Kay
FIRM: 	Intel Corp.
COUNTRY: USA
EMAIL: 	akay@mipos2.intel.com

NAME:   David P. Maynard
FIRM:   Carnegie Mellon University (in-absentia) & Dependable Solutions
CITY/STATE/COUNTRY: Austin, TX  USA
EMAIL:  dpm@cs.cmu.edu

NAME:   Paul F. Werkowski
FIRM:   Sonetech Corporation
CITY/STATE/COUNTRY: Bedford NH  USA
EMAIL:  74640.3641@CompuServe.com

NAME: 	Carl Hopkinson
FIRM: 	Rockwell Intl. SSD
CITY/STATE/COUNTRY: Downers Grover IL. USA
EMAIL: 	hopkinso@switch.rockwell.com

NAME:   Nate Williams
FIRM:   Montana State University
CITY/STATE/COUNTRY: Bozeman, MT  USA
EMAIL:  osynw@terra.oscs.montana.edu

NAME: 	Gunther Schadow
CITY/STATE/COUNTRY: Tubingen  Germany
EMAIL: 	gunther@student.zdv.uni-tuebingen.de  gunther@ref.tfs.com

NAME:   Ng Pheng Siong
FIRM:   Ngee Ann Polytechnic
CITY/STATE/COUNTRY: Singapore
EMAIL:  ngps@np.ac.sg

NAME: 	Carsten Lutz
CITY/STATE/COUNTRY: Rellingen  Germany
EMAIL: 	clu@malihh.hanse.de

NAME: 	John Galbraith
FIRM: 	University of Colorado
CITY/STATE/COUNTRY: Boulder, CO  USA
EMAIL: 	galbrait@rintintin.colorado.edu

NAME: 	Michael A. Crawford
FIRM: 	Attachmate Corporation
CITY/STATE/COUNTRY: Bellevue, Washington USA
EMAIL: 	michaelc@atm.com

